,project_number,location_name,year_range,from,to,from_lat_long,to_lat_long,from_blockgroup,to_blockgroup
15,[170 -02] 3204,On S Brandon Ave From E 130th St To S Brainard Ave,2016-2020,S Brandon Ave And E 130th St,S Brandon Ave And S Brainard Ave,"[41.7492661500018, -87.5467837497093]","[41.648535, -87.546007]",170314601001,170315502002
31,[170 -02] 37794,On E 100th St From S Avenue N To S Ewing Ave,2016-2020,E 100th St And S Avenue N,E 100th St And S Ewing Ave,"[41.713861, -87.538895]","[41.7135376, -87.535274]",170315202003,"[41.7135376, -87.535274]"
73,[170 -02] 37794,On S Clark St From W 21st St To S Archer Ave,2016-2020,S Clark St And W 21st St,S Clark St And S Archer Ave,"[41.6380745000001, -87.6244875000644]","[41.855159, -87.630161]","[41.6380745000001, -87.6244875000644]",170318411001
389,[170 -02] 3204,On S Brandon Ave From E 130th St To S Brainard Ave,2017-2021,S Brandon Ave And E 130th St,S Brandon Ave And S Brainard Ave,"[41.7492661500018, -87.5467837497093]","[41.648535, -87.546007]",170314601001,170315502002
397,[170 -02] 38309,On W Albion Ave From N Sayre Ave To N Nixon Ave,2017-2021,W Albion Ave And N Sayre Ave,W Albion Ave And N Nixon Ave,"[42.0015351, -87.801613]","[42.0015122, -87.8041383]",170311002006,"[42.0015122, -87.8041383]"
488,[170 -02] 38309,On N Spaulding Ave From W Lawrence Ave To W Leland Ave,2017-2021,N Spaulding Ave And W Lawrence Ave,N Spaulding Ave And W Leland Ave,"[42.0032805658152, -87.7118958227386]","[41.966649, -87.710889]","[42.0032805658152, -87.7118958227386]",170311407011
545,[170 -02] 40718,On E 75th St From S Kingston Ave To S Phillips Ave,2017-2021,E 75th St And S Kingston Ave,E 75th St And S Phillips Ave,"[41.75903, -87.563149]","[41.759008, -87.564763]",170314313021,"[41.759008, -87.564763]"
606,[170 -02] 3204,On S Brandon Ave From E 130th St To S Brainard Ave,2018-2022,S Brandon Ave And E 130th St,S Brandon Ave And S Brainard Ave,"[41.7492661500018, -87.5467837497093]","[41.648535, -87.546007]",170314601001,170315502002
614,[170 -02] 38309,On W Albion Ave From N Sayre Ave To N Nixon Ave,2018-2022,W Albion Ave And N Sayre Ave,W Albion Ave And N Nixon Ave,"[42.0015351, -87.801613]","[42.0015122, -87.8041383]",170311002006,"[42.0015122, -87.8041383]"
704,[170 -02] 38309,On N Spaulding Ave From W Lawrence Ave To W Leland Ave,2018-2022,N Spaulding Ave And W Lawrence Ave,N Spaulding Ave And W Leland Ave,"[42.0032805658152, -87.7118958227386]","[41.966649, -87.710889]","[42.0032805658152, -87.7118958227386]",170311407011
776,[170 -02] 40718,On E 75th St From S Kingston Ave To S Phillips Ave,2018-2022,E 75th St And S Kingston Ave,E 75th St And S Phillips Ave,"[41.75903, -87.563149]","[41.759008, -87.564763]",170314313021,"[41.759008, -87.564763]"
844,[170 -02] 3204,On S Brandon Ave From E 130th St To S Brainard Ave,2019-2023,S Brandon Ave And E 130th St,S Brandon Ave And S Brainard Ave,"[41.7492661500018, -87.5467837497093]","[41.648535, -87.546007]",170314601001,170315502002
890,[170 -02] 38309,On W Albion Ave From N Sayre Ave To N Nixon Ave,2019-2023,W Albion Ave And N Sayre Ave,W Albion Ave And N Nixon Ave,"[42.0015351, -87.801613]","[42.0015122, -87.8041383]",170311002006,"[42.0015122, -87.8041383]"
980,[170 -02] 38309,On N Spaulding Ave From W Lawrence Ave To W Leland Ave,2019-2023,N Spaulding Ave And W Lawrence Ave,N Spaulding Ave And W Leland Ave,"[42.0032805658152, -87.7118958227386]","[41.966649, -87.710889]","[42.0032805658152, -87.7118958227386]",170311407011
1065,[170 -02] 40718,On E 75th St From S Kingston Ave To S Phillips Ave,2019-2023,E 75th St And S Kingston Ave,E 75th St And S Phillips Ave,"[41.75903, -87.563149]","[41.759008, -87.564763]",170314313021,"[41.759008, -87.564763]"
1134,[170 -02] 3204,On S Brandon Ave From E 130th St To S Brainard Ave,2015-2019,S Brandon Ave And E 130th St,S Brandon Ave And S Brainard Ave,"[41.7492661500018, -87.5467837497093]","[41.648535, -87.546007]",170314601001,170315502002
1146,[170 -02] 36338,On S Avenue O From E 133rd St To E 135th St,2015-2019,S Avenue O And E 133rd St,S Avenue O And E 135th St,"[41.6536703, -87.539947]","[41.650015, -87.539887]",170315501001,170315501003
1184,[170 -02] 37793,On S Longwood Dr From W 119th St To W 116th St,2015-2019,S Longwood Dr And W 119th St,S Longwood Dr And W 116th St,"[41.67728, -87.675225]","[41.682878, -87.674099]","[41.67728, -87.675225]",170317505004
1211,[170 -02] 37793,On W 123rd St From S Carpenter St To S Peoria St,2015-2019,W 123rd St And S Carpenter St,W 123rd St And S Peoria St,"[41.670445, -87.647756]","[41.6705106, -87.6440745]","[41.670445, -87.647756]",170315304001
1217,[170 -02] 37793,On E 75th St From S Kingston Ave To S Phillips Ave,2015-2019,E 75th St And S Kingston Ave,E 75th St And S Phillips Ave,"[41.75903, -87.563149]","[41.759008, -87.564763]",170314313021,"[41.759008, -87.564763]"
1232,[170 -02] 37794,On E 100th St From S Avenue N To S Ewing Ave,2015-2019,E 100th St And S Avenue N,E 100th St And S Ewing Ave,"[41.713861, -87.538895]","[41.7135376, -87.535274]",170315202003,"[41.7135376, -87.535274]"
1304,[170 -02] 37794,On S Clark St From W 21st St To S Archer Ave,2015-2019,S Clark St And W 21st St,S Clark St And S Archer Ave,"[41.6380745000001, -87.6244875000644]","[41.855159, -87.630161]","[41.6380745000001, -87.6244875000644]",170318411001
1602,[170 -04] 37898,On N Clark St From W Arthur Ave To W Edgewater Ave,2016-2020,N Clark St And W Arthur Ave,N Clark St And W Edgewater Ave,"[42.0006169, -87.6714279]","[42.019429, -87.676396]",170318306003,"[42.019429, -87.676396]"
1646,[170 -04] 37898,On N Albany Ave From W Lawrence Ave To W Leland Ave,2016-2020,N Albany Ave And W Lawrence Ave,N Albany Ave And W Leland Ave,"[41.968466, -87.706038]","[41.966648, -87.706007]",170311408005,"[41.966648, -87.706007]"
1710,[170 -04] 37898,On S Long Ave From W 51st St To S Archer Ave,2016-2020,S Long Ave And W 51st St,S Long Ave And S Archer Ave,"[41.8001188, -87.7576321]","[41.796545, -87.757486]","[41.8001188, -87.7576321]",170315607002
1745,[170 -04] 37898,On W Gunnison St From N Nagle Ave To N Mason Ave,2016-2020,W Gunnison St And N Nagle Ave,W Gunnison St And N Mason Ave,"[41.9684117, -87.7880289]","[41.9685548, -87.7771074]","[41.9684117, -87.7880289]",170311104002
1746,[170 -04] 37898,On W Howard St From N Oconto Ave To N Odell Ave,2016-2020,W Howard St And N Oconto Ave,W Howard St And N Odell Ave,"[42.018934, -87.807783]","[42.018886, -87.810223]",170310901001,"[42.018886, -87.810223]"
1768,[170 -04] 37898,On S Rutherford Ave From W 51st St To W 52nd St,2016-2020,S Rutherford Ave And W 51st St,S Rutherford Ave And W 52nd St,"[41.7995428, -87.7904815]","[41.7977357, -87.7905068]","[41.7995428, -87.7904815]",170315609003
1775,[170 -04] 37898,On W 31st St From S Wood St To S Damen Ave,2016-2020,W 31st St And S Wood St,W 31st St And S Damen Ave,"[41.837721, -87.670564]","[41.83764, -87.675491]",170318432002,170318432002
1847,[170 -04] 37898,7612-7760 W Touhy Ave,2016-2020,7612 W Touhy Ave,7760 W Touhy Ave,"[42.011703, -87.816989]","[42.011420358939176, -87.81995877508338]",170310901003,"[42.011420358939176, -87.81995877508338]"
1884,[170 -04] 37898,On N Clark St From W Arthur Ave To W Edgewater Ave,2017-2021,N Clark St And W Arthur Ave,N Clark St And W Edgewater Ave,"[42.0006169, -87.6714279]","[42.019429, -87.676396]",170318306003,"[42.019429, -87.676396]"
1933,[170 -04] 37898,On N Albany Ave From W Lawrence Ave To W Leland Ave,2017-2021,N Albany Ave And W Lawrence Ave,N Albany Ave And W Leland Ave,"[41.968466, -87.706038]","[41.966648, -87.706007]",170311408005,"[41.966648, -87.706007]"
1997,[170 -04] 37898,On S Long Ave From W 51st St To S Archer Ave,2017-2021,S Long Ave And W 51st St,S Long Ave And S Archer Ave,"[41.8001188, -87.7576321]","[41.796545, -87.757486]","[41.8001188, -87.7576321]",170315607002
2061,[170 -04] 37898,On S Rutherford Ave From W 51st St To W 52nd St,2017-2021,S Rutherford Ave And W 51st St,S Rutherford Ave And W 52nd St,"[41.7995428, -87.7904815]","[41.7977357, -87.7905068]","[41.7995428, -87.7904815]",170315609003
2107,[170 -04] 37898,On W Howard St From N Oconto Ave To N Odell Ave,2017-2021,W Howard St And N Oconto Ave,W Howard St And N Odell Ave,"[42.018934, -87.807783]","[42.018886, -87.810223]",170310901001,"[42.018886, -87.810223]"
2117,[170 -04] 37898,On W Gunnison St From N Nagle Ave To N Mason Ave,2017-2021,W Gunnison St And N Nagle Ave,W Gunnison St And N Mason Ave,"[41.9684117, -87.7880289]","[41.9685548, -87.7771074]","[41.9684117, -87.7880289]",170311104002
2172,[170 -04] 37898,7612-7760 W Touhy Ave,2017-2021,7612 W Touhy Ave,7760 W Touhy Ave,"[42.011703, -87.816989]","[42.011420358939176, -87.81995877508338]",170310901003,"[42.011420358939176, -87.81995877508338]"
2198,[170 -04] 38342,On N Page Ave From W Irving Park Rd To W Addison St,2017-2021,N Page Ave And W Irving Park Rd,N Page Ave And W Addison St,"[41.95226, -87.82811]","[41.945001, -87.8279076]","[41.95226, -87.82811]",170311705004
2236,[170 -04] 38342,On N Damen Ave From W Howard St To W Jarvis Ave,2017-2021,N Damen Ave And W Howard St,N Damen Ave And W Jarvis Ave,"[42.019473, -87.68047]","[42.0151252, -87.6805309]","[42.019473, -87.68047]",170310102011
2247,[170 -04] 38342,On N Odell Ave From W Byron St To W Belmont Ave,2017-2021,N Odell Ave And W Byron St,N Odell Ave And W Belmont Ave,"[41.9506502, -87.8108634]","[41.93799, -87.810367]",170311704001,"[41.93799, -87.810367]"
2253,[170 -04] 38342,On S Archer Ave From S Senour Ave To S Halsted St,2017-2021,S Archer Ave And S Senour Ave,S Archer Ave And S Halsted St,"[41.8452769, -87.6506561]","[41.8472125, -87.6465235]",170318402001,170318402001
2259,[170 -04] 38342,On N Pioneer Ave From W Berteau Ave To W Irving Park Rd,2017-2021,N Pioneer Ave And W Berteau Ave,N Pioneer Ave And W Irving Park Rd,"[41.9558489, -87.8318321]","[41.9521744, -87.8316532]","[41.9558489, -87.8318321]","[41.9521744, -87.8316532]"
2260,[170 -04] 38342,On N Panama Ave From W Irving Park Rd To W Addison St,2017-2021,N Panama Ave And W Irving Park Rd,N Panama Ave And W Addison St,"[41.9522292, -87.8293724]","[41.944965, -87.82905]","[41.9522292, -87.8293724]",170311705004
2277,[170 -04] 38342,On N Osceola Ave From W Irving Park Rd To W Forest Preserve Ave,2017-2021,N Osceola Ave And W Irving Park Rd,N Osceola Ave And W Forest Preserve Ave,"[41.952637, -87.813402]","[41.951045, -87.812975]","[41.952637, -87.813402]",170311704004
2294,[170 -04] 38342,On N Lynch Ave From N Laramie Ave To N Elston Ave,2017-2021,N Lynch Ave And N Laramie Ave,N Lynch Ave And N Elston Ave,"[42.3379184512919, -87.8989879146869]","[41.981074, -87.7612222]","[42.3379184512919, -87.8989879146869]",170311101001
2311,[170 -04] 38342,On W North Ave From N Harlem Ave To N Sayre Ave,2017-2021,W North Ave And N Harlem Ave,W North Ave And N Sayre Ave,"[41.9088, -87.805665]","[41.909025, -87.800203]","[41.9088, -87.805665]",170312505003
2318,[170 -04] 38342,On W Forest Preserve Ave From N Olcott Ave To W Irving Park Rd,2017-2021,W Forest Preserve Ave And N Olcott Ave,W Forest Preserve Ave And W Irving Park Rd,"[41.950161, -87.814917]","[41.95273, -87.809453]",170311704004,"[41.95273, -87.809453]"
2360,[170 -04] 38342,On W Ogden Ave From S Millard Ave To S Central Park Ave,2017-2021,W Ogden Ave And S Millard Ave,W Ogden Ave And S Central Park Ave,"[41.8542447, -87.7160166]","[41.817949, -87.86978]",170318414002,"[41.817949, -87.86978]"
2365,[170 -04] 38342,On W North Ave From N Hamlin Ave To N Kimball Ave,2017-2021,W North Ave And N Hamlin Ave,W North Ave And N Kimball Ave,"[41.90373, -87.7214667499919]","[42.002811, -87.714248]",170312307003,"[42.002811, -87.714248]"
2367,[170 -04] 38342,On W Ibsen St From N Oriole Ave To N Harlem Ave,2017-2021,W Ibsen St And N Oriole Ave,W Ibsen St And N Harlem Ave,"[42.0060043, -87.8164539]","[42.006307, -87.80669]",170310902004,"[42.006307, -87.80669]"
2369,[170 -04] 38342,On W North Ave From N Nagle Ave To N Natoma Ave,2017-2021,W North Ave And N Nagle Ave,W North Ave And N Natoma Ave,"[41.909107, -87.786608]","[41.909139, -87.791091]","[41.909107, -87.786608]",170312505002
2426,[170 -04] 38342,2400-3140 S Kedzie Ave,2017-2021,2400 S Kedzie Ave,3140 S Kedzie Ave,"[41.847935, -87.70549]","[41.832996049857975, -87.70475466588586]",170313008002,170318305003
2447,[170 -04] 38342,2723-3100 S Archer Ave,2017-2021,2723 S Archer Ave,3100 S Archer Ave,"[41.843964, -87.652559]","[41.84267643320567, -87.65598818490578]",170318402001,170316006002
2461,[170 -04] 38342,3200-3236 S Lawndale Ave,2017-2021,3200 S Lawndale Ave,3236 S Lawndale Ave,"[41.83505, -87.717328]","[41.834076, -87.717214]",170318305003,170318305003
2474,[170 -04] 38342,On N Page Ave From W Irving Park Rd To W Addison St,2018-2022,N Page Ave And W Irving Park Rd,N Page Ave And W Addison St,"[41.95226, -87.82811]","[41.945001, -87.8279076]","[41.95226, -87.82811]",170311705004
2511,[170 -04] 38342,On N Damen Ave From W Howard St To W Jarvis Ave,2018-2022,N Damen Ave And W Howard St,N Damen Ave And W Jarvis Ave,"[42.019473, -87.68047]","[42.0151252, -87.6805309]","[42.019473, -87.68047]",170310102011
2522,[170 -04] 38342,On N Odell Ave From W Byron St To W Belmont Ave,2018-2022,N Odell Ave And W Byron St,N Odell Ave And W Belmont Ave,"[41.9506502, -87.8108634]","[41.93799, -87.810367]",170311704001,"[41.93799, -87.810367]"
2528,[170 -04] 38342,On S Archer Ave From S Senour Ave To S Halsted St,2018-2022,S Archer Ave And S Senour Ave,S Archer Ave And S Halsted St,"[41.8452769, -87.6506561]","[41.8472125, -87.6465235]",170318402001,170318402001
2534,[170 -04] 38342,On N Pioneer Ave From W Berteau Ave To W Irving Park Rd,2018-2022,N Pioneer Ave And W Berteau Ave,N Pioneer Ave And W Irving Park Rd,"[41.9558489, -87.8318321]","[41.9521744, -87.8316532]","[41.9558489, -87.8318321]","[41.9521744, -87.8316532]"
2535,[170 -04] 38342,On N Panama Ave From W Irving Park Rd To W Addison St,2018-2022,N Panama Ave And W Irving Park Rd,N Panama Ave And W Addison St,"[41.9522292, -87.8293724]","[41.944965, -87.82905]","[41.9522292, -87.8293724]",170311705004
2552,[170 -04] 38342,On N Osceola Ave From W Irving Park Rd To W Forest Preserve Ave,2018-2022,N Osceola Ave And W Irving Park Rd,N Osceola Ave And W Forest Preserve Ave,"[41.952637, -87.813402]","[41.951045, -87.812975]","[41.952637, -87.813402]",170311704004
2569,[170 -04] 38342,On N Lynch Ave From N Laramie Ave To N Elston Ave,2018-2022,N Lynch Ave And N Laramie Ave,N Lynch Ave And N Elston Ave,"[42.3379184512919, -87.8989879146869]","[41.981074, -87.7612222]","[42.3379184512919, -87.8989879146869]",170311101001
2586,[170 -04] 38342,On W North Ave From N Harlem Ave To N Sayre Ave,2018-2022,W North Ave And N Harlem Ave,W North Ave And N Sayre Ave,"[41.9088, -87.805665]","[41.909025, -87.800203]","[41.9088, -87.805665]",170312505003
2593,[170 -04] 38342,On W Forest Preserve Ave From N Olcott Ave To W Irving Park Rd,2018-2022,W Forest Preserve Ave And N Olcott Ave,W Forest Preserve Ave And W Irving Park Rd,"[41.950161, -87.814917]","[41.95273, -87.809453]",170311704004,"[41.95273, -87.809453]"
2636,[170 -04] 38342,On W Ogden Ave From S Millard Ave To S Central Park Ave,2018-2022,W Ogden Ave And S Millard Ave,W Ogden Ave And S Central Park Ave,"[41.8542447, -87.7160166]","[41.817949, -87.86978]",170318414002,"[41.817949, -87.86978]"
2641,[170 -04] 38342,On W North Ave From N Hamlin Ave To N Kimball Ave,2018-2022,W North Ave And N Hamlin Ave,W North Ave And N Kimball Ave,"[41.90373, -87.7214667499919]","[42.002811, -87.714248]",170312307003,"[42.002811, -87.714248]"
2643,[170 -04] 38342,On W Ibsen St From N Oriole Ave To N Harlem Ave,2018-2022,W Ibsen St And N Oriole Ave,W Ibsen St And N Harlem Ave,"[42.0060043, -87.8164539]","[42.006307, -87.80669]",170310902004,"[42.006307, -87.80669]"
2645,[170 -04] 38342,On W North Ave From N Nagle Ave To N Natoma Ave,2018-2022,W North Ave And N Nagle Ave,W North Ave And N Natoma Ave,"[41.909107, -87.786608]","[41.909139, -87.791091]","[41.909107, -87.786608]",170312505002
2710,[170 -04] 38342,2400-3140 S Kedzie Ave,2018-2022,2400 S Kedzie Ave,3140 S Kedzie Ave,"[41.847935, -87.70549]","[41.832996049857975, -87.70475466588586]",170313008002,170318305003
2721,[170 -04] 38342,3200-3236 S Lawndale Ave,2018-2022,3200 S Lawndale Ave,3236 S Lawndale Ave,"[41.83505, -87.717328]","[41.834076, -87.717214]",170318305003,170318305003
2725,[170 -04] 38342,2723-3100 S Archer Ave,2018-2022,2723 S Archer Ave,3100 S Archer Ave,"[41.843964, -87.652559]","[41.84267643320567, -87.65598818490578]",170318402001,170316006002
2740,[170 -04] 39029,On S Archer Ave From S Corbett St To S Halsted St,2018-2022,S Archer Ave And S Corbett St,S Archer Ave And S Halsted St,"[41.845958, -87.649261]","[41.8472125, -87.6465235]",170318402001,170318402001
2781,[170 -04] 39029,On N Odell Ave From W Byron St To W Belmont Ave,2018-2022,N Odell Ave And W Byron St,N Odell Ave And W Belmont Ave,"[41.9506502, -87.8108634]","[41.93799, -87.810367]",170311704001,"[41.93799, -87.810367]"
2797,[170 -04] 39029,On S Archer Ave From S Ashland Ave To S Poplar Ave,2018-2022,S Archer Ave And S Ashland Ave,S Archer Ave And S Poplar Ave,"[41.837762, -87.665687]","[41.844404, -87.652403]",170318404001,170318402001
2815,[170 -04] 39029,On N Pioneer Ave From W Berteau Ave To W Irving Park Rd,2018-2022,N Pioneer Ave And W Berteau Ave,N Pioneer Ave And W Irving Park Rd,"[41.9558489, -87.8318321]","[41.9521744, -87.8316532]","[41.9558489, -87.8318321]","[41.9521744, -87.8316532]"
2844,[170 -04] 39029,On W North Ave From N Hamlin Ave To N Kimball Ave,2018-2022,W North Ave And N Hamlin Ave,W North Ave And N Kimball Ave,"[41.90373, -87.7214667499919]","[42.002811, -87.714248]",170312307003,"[42.002811, -87.714248]"
2879,[170 -04] 39029,On W Forest Preserve Ave From N Olcott Ave To W Irving Park Rd,2018-2022,W Forest Preserve Ave And N Olcott Ave,W Forest Preserve Ave And W Irving Park Rd,"[41.950161, -87.814917]","[41.95273, -87.809453]",170311704004,"[41.95273, -87.809453]"
2886,[170 -04] 39029,On W North Ave From N Harlem Ave To N Sayre Ave,2018-2022,W North Ave And N Harlem Ave,W North Ave And N Sayre Ave,"[41.9088, -87.805665]","[41.909025, -87.800203]","[41.9088, -87.805665]",170312505003
2890,[170 -04] 39029,On W Ogden Ave From S Millard Ave To S Central Park Ave,2018-2022,W Ogden Ave And S Millard Ave,W Ogden Ave And S Central Park Ave,"[41.8542447, -87.7160166]","[41.817949, -87.86978]",170318414002,"[41.817949, -87.86978]"
2907,[170 -04] 39029,On W 77th St From S Wallace St To S Fielding Ave,2018-2022,W 77th St And S Wallace St,W 77th St And S Fielding Ave,"[41.754349, -87.639858]","[41.75436, -87.6377307]",170317101001,170316912003
2940,[170 -04] 39029,On S Archer Ave From S Corbett St To S Halsted St,2019-2023,S Archer Ave And S Corbett St,S Archer Ave And S Halsted St,"[41.845958, -87.649261]","[41.8472125, -87.6465235]",170318402001,170318402001
2982,[170 -04] 39029,On N Odell Ave From W Byron St To W Belmont Ave,2019-2023,N Odell Ave And W Byron St,N Odell Ave And W Belmont Ave,"[41.9506502, -87.8108634]","[41.93799, -87.810367]",170311704001,"[41.93799, -87.810367]"
2998,[170 -04] 39029,On S Archer Ave From S Ashland Ave To S Poplar Ave,2019-2023,S Archer Ave And S Ashland Ave,S Archer Ave And S Poplar Ave,"[41.837762, -87.665687]","[41.844404, -87.652403]",170318404001,170318402001
3016,[170 -04] 39029,On N Pioneer Ave From W Berteau Ave To W Irving Park Rd,2019-2023,N Pioneer Ave And W Berteau Ave,N Pioneer Ave And W Irving Park Rd,"[41.9558489, -87.8318321]","[41.9521744, -87.8316532]","[41.9558489, -87.8318321]","[41.9521744, -87.8316532]"
3045,[170 -04] 39029,On W North Ave From N Harlem Ave To N Sayre Ave,2019-2023,W North Ave And N Harlem Ave,W North Ave And N Sayre Ave,"[41.9088, -87.805665]","[41.909025, -87.800203]","[41.9088, -87.805665]",170312505003
3049,[170 -04] 39029,On W Ogden Ave From S Millard Ave To S Central Park Ave,2019-2023,W Ogden Ave And S Millard Ave,W Ogden Ave And S Central Park Ave,"[41.8542447, -87.7160166]","[41.817949, -87.86978]",170318414002,"[41.817949, -87.86978]"
3067,[170 -04] 39029,On W 77th St From S Wallace St To S Fielding Ave,2019-2023,W 77th St And S Wallace St,W 77th St And S Fielding Ave,"[41.754349, -87.639858]","[41.75436, -87.6377307]",170317101001,170316912003
3087,[170 -04] 39029,On W North Ave From N Hamlin Ave To N Kimball Ave,2019-2023,W North Ave And N Hamlin Ave,W North Ave And N Kimball Ave,"[41.90373, -87.7214667499919]","[42.002811, -87.714248]",170312307003,"[42.002811, -87.714248]"
3122,[170 -04] 39029,On W Forest Preserve Ave From N Olcott Ave To W Irving Park Rd,2019-2023,W Forest Preserve Ave And N Olcott Ave,W Forest Preserve Ave And W Irving Park Rd,"[41.950161, -87.814917]","[41.95273, -87.809453]",170311704004,"[41.95273, -87.809453]"
3187,[170 -04] 39743,On N Melvina Ave From W Foster Ave To W Balmoral Ave,2019-2023,N Melvina Ave And W Foster Ave,N Melvina Ave And W Balmoral Ave,"[41.975619, -87.783038]","[41.979288, -87.7835513]",170311103003,"[41.979288, -87.7835513]"
3249,[170 -04] 39743,On S Rockwell St From W 70th St To W 71st St,2019-2023,S Rockwell St And W 70th St,S Rockwell St And W 71st St,"[41.766445, -87.688205]","[41.764616, -87.688148]",170316609003,170316610004
3263,[170 -04] 39743,On S Albany Ave From W 71st St To W 73rd St,2019-2023,S Albany Ave And W 71st St,S Albany Ave And W 73rd St,"[41.764419, -87.700374]","[41.7607749, -87.7002706]",170316609003,170316611003
3336,[170 -04] 39743,On S Escanaba Ave From E 127th St To E 128th St,2019-2023,S Escanaba Ave And E 127th St,S Escanaba Ave And E 128th St,"[41.664705, -87.552501]","[41.66284, -87.553214]",170318388002,170315502001
3338,[170 -04] 39743,On S Troy St From W 71st St To W 73rd St,2019-2023,S Troy St And W 71st St,S Troy St And W 73rd St,"[41.764402, -87.701601]","[41.7607429, -87.7015152]",170316609003,170316611002
3464,[170 -04] 39743,On W North Ave From N Nagle Ave To N Natoma Ave,2019-2023,W North Ave And N Nagle Ave,W North Ave And N Natoma Ave,"[41.909107, -87.786608]","[41.909139, -87.791091]","[41.909107, -87.786608]",170312505002
3507,[170 -02 0042] 3204,On S Brandon Ave From E 130th St To S Brainard Ave,2014-2018,S Brandon Ave And E 130th St,S Brandon Ave And S Brainard Ave,"[41.7492661500018, -87.5467837497093]","[41.648535, -87.546007]",170314601001,170315502002
3516,[170 -02] 36337,On E 107th St From S Avenue O To S State Line Rd,2014-2018,E 107th St And S Avenue O,E 107th St And S State Line Rd,"[41.70094, -87.540083]","[41.70085, -87.524538]",170315203003,"[41.70085, -87.524538]"
3517,[170 -02] 36338,On S Avenue O From E 133rd St To E 135th St,2014-2018,S Avenue O And E 133rd St,S Avenue O And E 135th St,"[41.6536703, -87.539947]","[41.650015, -87.539887]",170315501001,170315501003
3519,[170 -02] 36595,On E 67th St From S Paxton Ave To S Crandon Ave,2014-2018,E 67th St And S Paxton Ave,E 67th St And S Crandon Ave,"[41.773515, -87.571604]","[41.773535, -87.569984]",170318439001,170318439001
3520,[170 -02] 36595,On S Paxton Ave From E 69th St To E 67th St,2014-2018,S Paxton Ave And E 69th St,S Paxton Ave And E 67th St,"[41.76989, -87.57152]","[41.773515, -87.571604]",170314301013,170318439001
3521,[170 -02] 36595,On E 67th St From S Paxton Ave To S Merrill Ave,2014-2018,E 67th St And S Paxton Ave,E 67th St And S Merrill Ave,"[41.773515, -87.571604]","[41.773498, -87.572821]",170318439001,170318439001
3560,[170 -02] 37719,On S Muskegon Ave From E 130th St To E 131st St,2014-2018,S Muskegon Ave And E 130th St,S Muskegon Ave And E 131st St,"[41.659179, -87.554423]","[41.657366, -87.554433]",170315502002,170315502002
3593,[170 -02] 37719,On N Oriole Ave From W Forest Preserve Ave To W Irving Park Rd,2014-2018,N Oriole Ave And W Forest Preserve Ave,N Oriole Ave And W Irving Park Rd,"[41.949117, -87.8169]","[41.95254, -87.817043]",170311704004,"[41.95254, -87.817043]"
3627,[170 -02] 37719,On E 131st St From S Exchange Ave To S Marquette Ave,2014-2018,E 131st St And S Exchange Ave,E 131st St And S Marquette Ave,"[41.657371, -87.551988]","[41.657377, -87.556863]",170315502002,170315502002
3637,[170 -02] 37719,On S Menard Ave From W 65th St To W 63rd St,2014-2018,S Menard Ave And W 65th St,S Menard Ave And W 63rd St,"[41.7743, -87.766456]","[41.777989, -87.766585]","[41.7743, -87.766456]",170316403002
3716,[170 -02] 37793,On W 123rd St From S Carpenter St To S Peoria St,2014-2018,W 123rd St And S Carpenter St,W 123rd St And S Peoria St,"[41.670445, -87.647756]","[41.6705106, -87.6440745]","[41.670445, -87.647756]",170315304001
3718,[170 -02] 37793,On S Longwood Dr From W 119th St To W 116th St,2014-2018,S Longwood Dr And W 119th St,S Longwood Dr And W 116th St,"[41.67728, -87.675225]","[41.682878, -87.674099]","[41.67728, -87.675225]",170317505004
3749,[170 -02] 37793,On E 75th St From S Kingston Ave To S Phillips Ave,2014-2018,E 75th St And S Kingston Ave,E 75th St And S Phillips Ave,"[41.75903, -87.563149]","[41.759008, -87.564763]",170314313021,"[41.759008, -87.564763]"
3752,[170 -02] 37794,On E 100th St From S Avenue N To S Ewing Ave,2014-2018,E 100th St And S Avenue N,E 100th St And S Ewing Ave,"[41.713861, -87.538895]","[41.7135376, -87.535274]",170315202003,"[41.7135376, -87.535274]"
3765,[170 -02] 37794,On S Clark St From W 21st St To S Archer Ave,2014-2018,S Clark St And W 21st St,S Clark St And S Archer Ave,"[41.6380745000001, -87.6244875000644]","[41.855159, -87.630161]","[41.6380745000001, -87.6244875000644]",170318411001
3818,[170 -02] 38043,S May St And W 34th Pl,2014-2018,S May St And W 34th Pl,None,"[41.6627045000034, -87.6503189998302]",None,"[41.6627045000034, -87.6503189998302]",None
4083,[170 -04] 37896,On N Halsted St From W Evergreen Ave To N 1534,2014-2018,N Halsted St And W Evergreen Ave,1534 N Halsted St,"[41.906417, -87.64814]","[41.909713, -87.64836]",170318422001,170318422001
4092,[170 -04] 37896,On N Cumberland Ave From W Lawrence Ave To W Sunnyside Ave,2014-2018,N Cumberland Ave And W Lawrence Ave,N Cumberland Ave And W Sunnyside Ave,"[41.9666233, -87.8366769]","[41.961603, -87.836735]","[41.9666233, -87.8366769]",170317608021
4122,[170 -04] 37896,On N Albany Ave From W Leland Ave To W Wilson Ave,2014-2018,N Albany Ave And W Leland Ave,N Albany Ave And W Wilson Ave,"[41.966648, -87.706007]","[41.96474, -87.705896]","[41.966648, -87.706007]",170311408001
4132,[170 -04] 37896,On N Harlem Ave From W Touhy Ave To W Greenleaf Ave,2014-2018,N Harlem Ave And W Touhy Ave,N Harlem Ave And W Greenleaf Ave,"[42.011698, -87.806637]","[42.0089734, -87.8066861]","[42.011698, -87.806637]",170310902001
4137,[170 -04] 37896,On N Leclaire Ave From W Lawrence Ave To W Alley N. Of Lawrence,2014-2018,N Leclaire Ave And W Lawrence Ave,N Leclaire Ave And W Alley N. Of Lawrence,"[41.9679994, -87.7551493]","[42.0703601, -87.75781710000001]",170311105021,"[42.0703601, -87.75781710000001]"
4159,[170 -04] 37896,2226-2545 S Ashland Ave,2014-2018,2226 S Ashland Ave,2545 S Ashland Ave,"[41.851325, -87.666304]","[41.845669, -87.665254]",170318432002,170318432002
4163,[170 -04] 37896,On W Foster Ave From N Overhill Ave To N Oriole Ave,2014-2018,W Foster Ave And N Overhill Ave,W Foster Ave And N Oriole Ave,"[41.974217, -87.819413]","[41.974244, -87.816945]","[41.974217, -87.819413]",170311005005
4176,[170 -04] 37896,On W 103rd St From S Springfield Ave To S St Louis Ave,2014-2018,W 103rd St And S Springfield Ave,W 103rd St And S St Louis Ave,"[41.705983, -87.718504]","[41.706131, -87.70875]",170317402001,"[41.706131, -87.70875]"
4177,[170 -04] 37896,On W 71st St From S Homan Ave To S Kedzie Ave,2014-2018,W 71st St And S Homan Ave,W 71st St And S Kedzie Ave,"[41.764308, -87.707729]","[41.764394, -87.702829]",170316609003,170316609003
4191,[170 -04] 37896,On W North Ave From N Oak Park Ave To N Rutherford Ave,2014-2018,W North Ave And N Oak Park Ave,W North Ave And N Rutherford Ave,"[41.909101, -87.794769]","[41.909029, -87.793462]",170312505002,"[41.909029, -87.793462]"
4204,[170 -04] 37896,On W St James Pl From N Clark St To N Lakeview Ave,2014-2018,W St James Pl And N Clark St,W St James Pl And N Lakeview Ave,"[41.927833, -87.641811]","[41.9287021, -87.6392266]",170310701021,170310701013
4205,[170 -04] 37896,On W Leland Ave From N Kedzie Ave To N Albany Ave,2014-2018,W Leland Ave And N Kedzie Ave,W Leland Ave And N Albany Ave,"[41.966662, -87.708424]","[41.966648, -87.706007]",170311407011,"[41.966648, -87.706007]"
4215,[170 -04] 37896,2221-2545 S Ashland Ave,2014-2018,2221 S Ashland Ave,2545 S Ashland Ave,"[41.851778, -87.665808]","[41.845669, -87.665254]",170318432002,170318432002
4240,[170 -04] 37896,On W 123rd St From S Laflin St To S Loomis St,2014-2018,W 123rd St And S Laflin St,W 123rd St And S Loomis St,"[41.6703192, -87.6587309]","[41.6703126, -87.656266]",170315304002,"[41.6703126, -87.656266]"
4250,[170 -04] 37896,On W Division St From N North Branch St To N Hickory Ave,2014-2018,W Division St And N North Branch St,W Division St And N Hickory Ave,"[41.903552, -87.65543]","[41.9036, -87.652517]",170318422001,170318422001
4264,[170 -04] 37896,On S Throop St From W 31st St To S Archer Ave,2014-2018,S Throop St And W 31st St,S Throop St And S Archer Ave,"[41.837892, -87.6584553]","[41.843514, -87.654134]",170316007001,170318402001
4270,[170 -04] 37896,On W 71st St From S California Ave To S Maplewood Ave,2014-2018,W 71st St And S California Ave,W 71st St And S Maplewood Ave,"[41.764541, -87.693048]","[41.764638, -87.686928]",170316609003,170316609002
4271,[170 -04] 37896,On W 95th St From S Ada St To S Morgan St,2014-2018,W 95th St And S Ada St,W 95th St And S Morgan St,"[41.721339, -87.656607]","[41.721325, -87.64806]","[41.721339, -87.656607]",170317304001
